{"cameraMode":{"drawMode":0,"name":"Shaded","section":"Shading Mode"},"sceneLighting":false,"audioPlay":false,"sceneViewState":{"m_AlwaysRefresh":false,"showFog":true,"showSkybox":false,"showFlares":true,"showImageEffects":true,"showParticleSystems":true,"showVisualEffectGraphs":true,"m_FxEnabled":true},"in2DMode":false,"pivot":{"x":0.24158096313476563,"y":1.7282735109329224,"z":-3.4497084617614748},"rotation":{"x":0.0025124680250883104,"y":0.9927788972854614,"z":-0.11819855123758316,"w":0.021144628524780275},"size":2.0056021213531496,"orthographic":false}