{"cameraMode":{"drawMode":0,"name":"Shaded","section":"Shading Mode"},"sceneLighting":true,"audioPlay":false,"sceneViewState":{"m_AlwaysRefresh":false,"showFog":true,"showSkybox":true,"showFlares":true,"showImageEffects":true,"showParticleSystems":true,"showVisualEffectGraphs":true,"m_FxEnabled":true},"in2DMode":false,"pivot":{"x":11.632737159729004,"y":2.858672618865967,"z":42.32258987426758},"rotation":{"x":0.07860022783279419,"y":-0.5909578800201416,"z":0.05796150863170624,"w":0.8008534908294678},"size":1.3617662191390992,"orthographic":false}