{"cameraMode":{"drawMode":0,"name":"Shaded","section":"Shading Mode"},"sceneLighting":true,"audioPlay":false,"sceneViewState":{"m_AlwaysRefresh":false,"showFog":true,"showSkybox":true,"showFlares":true,"showImageEffects":true,"showParticleSystems":true,"showVisualEffectGraphs":true,"m_FxEnabled":true},"in2DMode":false,"pivot":{"x":13.294465065002442,"y":4.664414882659912,"z":-9.289326667785645},"rotation":{"x":-0.17815835773944856,"y":-0.02321455255150795,"z":0.003801382379606366,"w":-0.9839733839035034},"size":1.4039828777313233,"orthographic":false}