{"cameraMode":{"drawMode":0,"name":"Shaded","section":"Shading Mode"},"sceneLighting":false,"audioPlay":false,"sceneViewState":{"m_AlwaysRefresh":false,"showFog":false,"showSkybox":false,"showFlares":false,"showImageEffects":false,"showParticleSystems":false,"showVisualEffectGraphs":true,"m_FxEnabled":true},"in2DMode":false,"pivot":{"x":-0.01346135139465332,"y":1.7911155223846436,"z":-0.033471643924713138},"rotation":{"x":-0.008088644593954087,"y":0.08733949810266495,"z":-0.0006171961431391537,"w":-0.9963064789772034},"size":2.891582727432251,"orthographic":false}