{"cameraMode":{"drawMode":0,"name":"Shaded","section":"Shading Mode"},"sceneLighting":false,"audioPlay":false,"sceneViewState":{"m_AlwaysRefresh":false,"showFog":true,"showSkybox":false,"showFlares":true,"showImageEffects":true,"showParticleSystems":true,"showVisualEffectGraphs":true,"m_FxEnabled":true},"in2DMode":false,"pivot":{"x":-13.399999618530274,"y":6.170000076293945,"z":-52.310001373291019},"rotation":{"x":-0.03095056302845478,"y":0.9373152256011963,"z":-0.08628606051206589,"w":-0.33621442317962649},"size":2.3415744304656984,"orthographic":false}